feature,baseline_macro_f1,perturbed_macro_f1,macro_f1_drop
latency_ms,0.8739309126025361,0.20869136674570288,0.6652395458568332
zone_coverage,0.8739309126025361,0.5049498784743243,0.3689810341282118
route_deviation_m,0.8739309126025361,0.5061919728721511,0.36773893973038496
mission_progress,0.8739309126025361,0.5418528238200722,0.3320780887824639
gps_jump_m,0.8739309126025361,0.5978133746412729,0.27611753796126315
velocity_inconsistency,0.8739309126025361,0.8549399066494043,0.018991005953131745
energy_consumption,0.8739309126025361,0.8731149174852062,0.0008159951173298818
packet_loss_rate,0.8739309126025361,0.873447574478949,0.0004833381235870293
battery_level,0.8739309126025361,0.8754335486081524,-0.0015026360056162869
