model,test_loss_mean,test_loss_std,accuracy_mean,accuracy_std,macro_f1_mean,macro_f1_std,macro_precision_mean,macro_precision_std,macro_recall_mean,macro_recall_std
GraphTemporalTransformer,0.09328611123241204,0.02140687092816632,0.9646723646723646,0.006542390244995072,0.8749805622635817,0.014345466561790544,0.8934695150755526,0.02839916889907057,0.8700020205952081,0.015963659236901476
cnn1d,0.004180653208961833,0.0009287731584050501,0.9987263281380928,0.00025305293900684757,0.9971012504112139,0.0008179944795985219,0.997088890193495,0.001722169161449342,0.9971347697554577,0.001733525479326388
gru,0.05400603522000463,0.02112465944280408,0.9796212502094854,0.010741932934402187,0.9288457762079187,0.04706087344422467,0.9468942462793555,0.03488888089458599,0.9170325380270548,0.053442965243626205
lstm,0.037385153718129095,0.004048667418586292,0.9870621752974694,0.002249183719766296,0.9607572766185887,0.007228298957708161,0.9627452692372068,0.01098027143105641,0.9597493360673502,0.005033768399435919
