condition,accuracy_mean,accuracy_std,macro_f1_mean,macro_f1_std,mean_confidence_mean,mean_confidence_std,mean_entropy_mean,mean_entropy_std,low_confidence_rate_lt_0_70_mean,low_confidence_rate_lt_0_70_std
delayed_combined,0.03053460700519517,0.004588495796155264,0.05210430072956193,0.024193009048662787,0.9194121162096659,0.028904604405094163,0.23096883793671918,0.08618480635242942,0.06512485336014744,0.00858968632895558
in_distribution_test,0.9646723646723646,0.006542390244995072,0.8749805622635817,0.014345466561790544,0.9631230433781942,0.007605443261672114,0.09275976320107775,0.01880870529234665,0.042165242165242096,0.014758135827729175
intermittent_tampering,0.6909669850846321,0.030901756440522316,0.5964651075900028,0.05179060279440794,0.8916260004043579,0.01414394451216224,0.24861816565195716,0.020671191997078384,0.14335511982570803,0.03183680378593148
slow_gps_drift,0.12525557231439585,0.013845074276737321,0.1700548989293885,0.05095389723748792,0.8875491817792257,0.03280463455919179,0.27212792634963984,0.07661010454006754,0.1433886375062845,0.05092363833765718
stealth_jammer,0.06512485336014746,0.019690004175470992,0.07790118481540391,0.023612871801600623,0.8652136127154032,0.026305204125777488,0.34493398666381836,0.00910675132952413,0.12079772079772076,0.12747771570619565
unseen_swarm_noise,0.9645382939500586,0.006648931281924501,0.8744411237268959,0.014710564135000935,0.9631032347679138,0.007623949419120203,0.09281174590190246,0.018869666087400396,0.042165242165242096,0.014737225225375338
