accuracy,precision_macro,recall_macro,f1_macro,precision_weighted,recall_weighted,f1_weighted,model
0.9996782496782497,0.99960854607646,0.99960854607646,0.99960854607646,0.9996782496782497,0.9996782496782497,0.9996782496782497,1D-CNN Binary
0.9881756756756757,0.9668821362820816,0.9977572241190863,0.9818402070704026,0.9888095496206084,0.9881756756756757,0.9882918017259932,1D-CNN Fine-Grained
