model,accuracy,precision_macro,recall_macro,f1_macro,precision_weighted,recall_weighted,f1_weighted
Weighted LSTM v4,0.9953346203346203,0.9848448140779005,0.9989058949054332,0.9917565445165173,0.9954720581076132,0.9953346203346203,0.9953633678914162
Weighted GRU v4,0.9924388674388674,0.9754460788189128,0.9985067432954637,0.9866286810070213,0.9928322427584517,0.9924388674388674,0.9925214322999056
