model,test_loss,accuracy,macro_f1,macro_precision,macro_recall,model_path
lstm,0.03879795571486665,0.9875314228255405,0.9639279660612273,0.9631415889810654,0.9651671260505933,results/journal/seed_42/models/lstm_baseline.pt
gru,0.04716814079622997,0.9833081950729009,0.9479387918104851,0.9627806353879672,0.9371119471754348,results/journal/seed_42/models/gru_baseline.pt
cnn1d,0.0032872593738102387,0.9989944695827049,0.9980419463577302,0.9981693047440843,0.9979225222890559,results/journal/seed_42/models/cnn1d_baseline.pt
