model,test_loss,accuracy,macro_f1,macro_precision,macro_recall
GraphTemporalTransformer,0.11352733647691478,0.9579688285570639,0.8611887503533315,0.8805276248668866,0.8515690590420548
