feature,baseline_macro_f1,perturbed_macro_f1,macro_f1_drop
zone_coverage,0.9895773009027882,0.3362068965517241,0.6533704043510641
latency_ms,0.9895773009027882,0.3682860817290401,0.6212912191737481
route_deviation_m,0.9895773009027882,0.6244133150125641,0.36516398589022403
gps_jump_m,0.9895773009027882,0.6936632257341002,0.29591407516868795
mission_progress,0.9895773009027882,0.9693100883126459,0.020267212590142303
packet_loss_rate,0.9895773009027882,0.9895773009027882,0.0
velocity_inconsistency,0.9895773009027882,0.9895773009027882,0.0
battery_level,0.9895773009027882,0.9895773009027882,0.0
energy_consumption,0.9895773009027882,0.9895773009027882,0.0
