condition,accuracy,macro_f1,mean_confidence,mean_entropy,low_confidence_rate_lt_0_70
in_distribution_test,0.9897260273972602,0.9895773009027882,0.9547338485717773,0.19912731647491455,0.00684931506849315
stealth_jammer,0.976027397260274,0.9764194061659459,0.9174525737762451,0.3288920223712921,0.0273972602739726
slow_gps_drift,0.9143835616438356,0.9126740014891727,0.8724388480186462,0.423376202583313,0.11643835616438356
intermittent_tampering,0.8698630136986302,0.8514712508682731,0.9402310252189636,0.2230139970779419,0.04452054794520548
delayed_combined,0.5787671232876712,0.506682196114334,0.7707265019416809,0.6596004366874695,0.3219178082191781
unseen_swarm_noise,0.9897260273972602,0.9895773009027882,0.9547299146652222,0.19913320243358612,0.00684931506849315
